<?xml version="1.0" encoding="UTF-8"?>
<root>
  <item name="com.ingeek.key.ble.bonded.BleBondState">
    <annotation name="androidx.annotation.IntDef">
      <val name="value" val="{com.ingeek.key.ble.bonded.BleBondState.BOND_INVALID, com.ingeek.key.ble.bonded.BleBondState.BOND_UNDEFINED, com.ingeek.key.ble.bonded.BleBondState.BOND_NONE, com.ingeek.key.ble.bonded.BleBondState.BOND_BONDING, com.ingeek.key.ble.bonded.BleBondState.BOND_BONDED}" />
    </annotation>
  </item>
  <item name="com.ingeek.key.ble.bonded.BleBondStateChecker void returnCheckResult(int) 0">
    <annotation name="androidx.annotation.IntDef">
      <val name="value" val="{com.ingeek.key.ble.bonded.BleBondState.BOND_INVALID, com.ingeek.key.ble.bonded.BleBondState.BOND_UNDEFINED, com.ingeek.key.ble.bonded.BleBondState.BOND_NONE, com.ingeek.key.ble.bonded.BleBondState.BOND_BONDING, com.ingeek.key.ble.bonded.BleBondState.BOND_BONDED}" />
    </annotation>
  </item>
  <item name="com.ingeek.key.ble.bonded.BleBondStateCheckerV2 void returnCheckResult(int) 0">
    <annotation name="androidx.annotation.IntDef">
      <val name="value" val="{com.ingeek.key.ble.bonded.BleBondState.BOND_INVALID, com.ingeek.key.ble.bonded.BleBondState.BOND_UNDEFINED, com.ingeek.key.ble.bonded.BleBondState.BOND_NONE, com.ingeek.key.ble.bonded.BleBondState.BOND_BONDING, com.ingeek.key.ble.bonded.BleBondState.BOND_BONDED}" />
    </annotation>
  </item>
  <item name="com.ingeek.key.ble.bonded.BondStateCallback void onBondStateResult(int) 0">
    <annotation name="androidx.annotation.IntDef">
      <val name="value" val="{com.ingeek.key.ble.bonded.BleBondState.BOND_INVALID, com.ingeek.key.ble.bonded.BleBondState.BOND_UNDEFINED, com.ingeek.key.ble.bonded.BleBondState.BOND_NONE, com.ingeek.key.ble.bonded.BleBondState.BOND_BONDING, com.ingeek.key.ble.bonded.BleBondState.BOND_BONDED}" />
    </annotation>
  </item>
</root>

