<?xml version="1.0" encoding="UTF-8"?>
<root>
  <item name="com.ingeek.key.IngeekSecureKeyManager int setGattVersion(int) 0">
    <annotation name="androidx.annotation.IntDef">
      <val name="value" val="{com.ingeek.key.config.vehicle.IngeekGattVersion.V_0, com.ingeek.key.config.vehicle.IngeekGattVersion.V_1}" />
    </annotation>
  </item>
  <item name="com.ingeek.key.IngeekSecureKeyManager int setRtcCalibrationType(int) 0">
    <annotation name="androidx.annotation.IntDef">
      <val name="value" val="{com.ingeek.key.config.vehicle.RtcCalibrationType.NONE, com.ingeek.key.config.vehicle.RtcCalibrationType.WITHOUT_RANDOM, com.ingeek.key.config.vehicle.RtcCalibrationType.WITH_RANDOM}" />
    </annotation>
  </item>
  <item name="com.ingeek.key.IngeekSecureKeyManager int setVehicleActivationType(int) 0">
    <annotation name="androidx.annotation.IntDef">
      <val name="value" val="{com.ingeek.key.config.vehicle.ActivationType.ACTIVATE_WITHOUT_VEHICLE, com.ingeek.key.config.vehicle.ActivationType.ACTIVATE_WITH_VEHICLE_UNIVERSAL, com.ingeek.key.config.vehicle.ActivationType.ACTIVATE_WITH_VEHICLE_SPECIAL}" />
    </annotation>
  </item>
  <item name="com.ingeek.key.IngeekSecureKeyManager void calibrateWithSingleBle(java.lang.String, int, com.ingeek.key.callback.IngeekCallback) 1">
    <annotation name="androidx.annotation.IntDef">
      <val name="value" val="{com.ingeek.key.business.bean.IngeekCalibrateStep.SET_CALIBRATION_LEFT_DOOR_5M, com.ingeek.key.business.bean.IngeekCalibrateStep.SET_CALIBRATION_LEFT_DOOR_OUT_10CM, com.ingeek.key.business.bean.IngeekCalibrateStep.SET_CALIBRATION_LEFT_DOOR_IN_10CM, com.ingeek.key.business.bean.IngeekCalibrateStep.SET_CALIBRATION_LEFT_DOOR_SIX_STEP, com.ingeek.key.business.bean.IngeekCalibrateStep.SET_CALIBRATION_IN_NORMAL, com.ingeek.key.business.bean.IngeekCalibrateStep.SET_CALIBRATION_IN_CANCEL}" />
    </annotation>
  </item>
</root>

