<?xml version="1.0" encoding="UTF-8"?>
<root>
  <item name="com.ingeek.key.cache.BleCalibrateCache com.ingeek.key.cache.BleCalibrateCache setCalibrateData(java.lang.String, int, java.lang.String) 1">
    <annotation name="androidx.annotation.IntDef">
      <val name="value" val="{com.ingeek.key.business.calibrate.single.CalibrateDataType.NONE, com.ingeek.key.business.calibrate.single.CalibrateDataType.LCD, com.ingeek.key.business.calibrate.single.CalibrateDataType.CCD, com.ingeek.key.business.calibrate.single.CalibrateDataType.DCD}" />
    </annotation>
  </item>
  <item name="com.ingeek.key.cache.BleCalibrateCache com.ingeek.key.cache.BleCalibrateCache setCalibrateDataType(java.lang.String, int) 1">
    <annotation name="androidx.annotation.IntDef">
      <val name="value" val="{com.ingeek.key.business.calibrate.single.CalibrateDataType.NONE, com.ingeek.key.business.calibrate.single.CalibrateDataType.LCD, com.ingeek.key.business.calibrate.single.CalibrateDataType.CCD, com.ingeek.key.business.calibrate.single.CalibrateDataType.DCD}" />
    </annotation>
  </item>
</root>

