<?xml version="1.0" encoding="UTF-8"?>
<root>
  <item name="com.ingeek.key.config.vehicle.ActivationType">
    <annotation name="androidx.annotation.IntDef">
      <val name="value" val="{com.ingeek.key.config.vehicle.ActivationType.ACTIVATE_WITHOUT_VEHICLE, com.ingeek.key.config.vehicle.ActivationType.ACTIVATE_WITH_VEHICLE_UNIVERSAL, com.ingeek.key.config.vehicle.ActivationType.ACTIVATE_WITH_VEHICLE_SPECIAL}" />
    </annotation>
  </item>
  <item name="com.ingeek.key.config.vehicle.IngeekGattVersion">
    <annotation name="androidx.annotation.IntDef">
      <val name="value" val="{com.ingeek.key.config.vehicle.IngeekGattVersion.V_0, com.ingeek.key.config.vehicle.IngeekGattVersion.V_1}" />
    </annotation>
  </item>
  <item name="com.ingeek.key.config.vehicle.RtcCalibrationType">
    <annotation name="androidx.annotation.IntDef">
      <val name="value" val="{com.ingeek.key.config.vehicle.RtcCalibrationType.NONE, com.ingeek.key.config.vehicle.RtcCalibrationType.WITHOUT_RANDOM, com.ingeek.key.config.vehicle.RtcCalibrationType.WITH_RANDOM}" />
    </annotation>
  </item>
</root>

