<?xml version="1.0" encoding="UTF-8"?>
<root>
  <item name="com.ingeek.key.business.calibrate.single.CalibrateDataType">
    <annotation name="androidx.annotation.IntDef">
      <val name="value" val="{com.ingeek.key.business.calibrate.single.CalibrateDataType.NONE, com.ingeek.key.business.calibrate.single.CalibrateDataType.LCD, com.ingeek.key.business.calibrate.single.CalibrateDataType.CCD, com.ingeek.key.business.calibrate.single.CalibrateDataType.DCD}" />
    </annotation>
  </item>
  <item name="com.ingeek.key.business.calibrate.single.SingleBleCalibrateBusiness int getCommandCode(int) 0">
    <annotation name="androidx.annotation.IntDef">
      <val name="value" val="{com.ingeek.key.business.bean.IngeekCalibrateStep.SET_CALIBRATION_LEFT_DOOR_5M, com.ingeek.key.business.bean.IngeekCalibrateStep.SET_CALIBRATION_LEFT_DOOR_OUT_10CM, com.ingeek.key.business.bean.IngeekCalibrateStep.SET_CALIBRATION_LEFT_DOOR_IN_10CM, com.ingeek.key.business.bean.IngeekCalibrateStep.SET_CALIBRATION_LEFT_DOOR_SIX_STEP, com.ingeek.key.business.bean.IngeekCalibrateStep.SET_CALIBRATION_IN_NORMAL, com.ingeek.key.business.bean.IngeekCalibrateStep.SET_CALIBRATION_IN_CANCEL}" />
    </annotation>
  </item>
  <item name="com.ingeek.key.business.calibrate.single.SingleBleCalibrateBusiness void onCalibrate(java.lang.String, int, com.ingeek.key.callback.IngeekCallback) 1">
    <annotation name="androidx.annotation.IntDef">
      <val name="value" val="{com.ingeek.key.business.bean.IngeekCalibrateStep.SET_CALIBRATION_LEFT_DOOR_5M, com.ingeek.key.business.bean.IngeekCalibrateStep.SET_CALIBRATION_LEFT_DOOR_OUT_10CM, com.ingeek.key.business.bean.IngeekCalibrateStep.SET_CALIBRATION_LEFT_DOOR_IN_10CM, com.ingeek.key.business.bean.IngeekCalibrateStep.SET_CALIBRATION_LEFT_DOOR_SIX_STEP, com.ingeek.key.business.bean.IngeekCalibrateStep.SET_CALIBRATION_IN_NORMAL, com.ingeek.key.business.bean.IngeekCalibrateStep.SET_CALIBRATION_IN_CANCEL}" />
    </annotation>
  </item>
</root>

