<?xml version="1.0" encoding="UTF-8"?>
<root>
  <item name="com.ingeek.key.config.ble.BleAdvertisingType">
    <annotation name="androidx.annotation.IntDef">
      <val name="value" val="{com.ingeek.key.config.ble.BleAdvertisingType.NONE, com.ingeek.key.config.ble.BleAdvertisingType.SIMPLE_ADVERTISING, com.ingeek.key.config.ble.BleAdvertisingType.IDENTIFIED_ADVERTISING}" />
    </annotation>
  </item>
  <item name="com.ingeek.key.config.ble.BleLocationType">
    <annotation name="androidx.annotation.IntDef">
      <val name="value" val="{com.ingeek.key.config.ble.BleLocationType.NONE, com.ingeek.key.config.ble.BleLocationType.SINGLE_PERIPHERAL, com.ingeek.key.config.ble.BleLocationType.MULTI_PERIPHERAL, com.ingeek.key.config.ble.BleLocationType.MULTI_PERIPHERAL_MULTI_CONNECT, com.ingeek.key.config.ble.BleLocationType.SINGLE_PERIPHERAL_WITH_SIMPLE_CALIBRATE, com.ingeek.key.config.ble.BleLocationType.MULTI_PERIPHERAL_WITH_SELF_CALIBRATION}" />
    </annotation>
  </item>
  <item name="com.ingeek.key.config.ble.BlePeripheralProperty.Builder com.ingeek.key.config.ble.BlePeripheralProperty.Builder setBleAdvertisingType(int) 0">
    <annotation name="androidx.annotation.IntDef">
      <val name="value" val="{com.ingeek.key.config.ble.BleAdvertisingType.NONE, com.ingeek.key.config.ble.BleAdvertisingType.SIMPLE_ADVERTISING, com.ingeek.key.config.ble.BleAdvertisingType.IDENTIFIED_ADVERTISING}" />
    </annotation>
  </item>
  <item name="com.ingeek.key.config.ble.BlePeripheralProperty.Builder com.ingeek.key.config.ble.BlePeripheralProperty.Builder setBleNameType(int) 0">
    <annotation name="androidx.annotation.IntDef">
      <val name="value" val="{com.ingeek.key.config.ble.PeripheralNameType.BY_VEHICLE_VIN, com.ingeek.key.config.ble.PeripheralNameType.BY_PERIPHERAL_MAC, com.ingeek.key.config.ble.PeripheralNameType.BY_PERIPHERAL_VIN_MAC, com.ingeek.key.config.ble.PeripheralNameType.BY_PERIPHERAL_MAC_VIN}" />
    </annotation>
  </item>
  <item name="com.ingeek.key.config.ble.BlePeripheralProperty.Builder com.ingeek.key.config.ble.BlePeripheralProperty.Builder setLocationType(int) 0">
    <annotation name="androidx.annotation.IntDef">
      <val name="value" val="{com.ingeek.key.config.ble.BleLocationType.NONE, com.ingeek.key.config.ble.BleLocationType.SINGLE_PERIPHERAL, com.ingeek.key.config.ble.BleLocationType.MULTI_PERIPHERAL, com.ingeek.key.config.ble.BleLocationType.MULTI_PERIPHERAL_MULTI_CONNECT, com.ingeek.key.config.ble.BleLocationType.SINGLE_PERIPHERAL_WITH_SIMPLE_CALIBRATE, com.ingeek.key.config.ble.BleLocationType.MULTI_PERIPHERAL_WITH_SELF_CALIBRATION}" />
    </annotation>
  </item>
  <item name="com.ingeek.key.config.ble.BlePersonalizationType">
    <annotation name="androidx.annotation.IntDef">
      <val name="value" val="{com.ingeek.key.config.ble.BlePersonalizationType.SYNC, com.ingeek.key.config.ble.BlePersonalizationType.NOT_SYNC}" />
    </annotation>
  </item>
  <item name="com.ingeek.key.config.ble.PeripheralNameType">
    <annotation name="androidx.annotation.IntDef">
      <val name="value" val="{com.ingeek.key.config.ble.PeripheralNameType.BY_VEHICLE_VIN, com.ingeek.key.config.ble.PeripheralNameType.BY_PERIPHERAL_MAC, com.ingeek.key.config.ble.PeripheralNameType.BY_PERIPHERAL_VIN_MAC, com.ingeek.key.config.ble.PeripheralNameType.BY_PERIPHERAL_MAC_VIN}" />
    </annotation>
  </item>
  <item name="com.ingeek.key.config.ble.PeripheralType">
    <annotation name="androidx.annotation.IntDef">
      <val name="value" val="{com.ingeek.key.config.ble.PeripheralType.VEHICLE, com.ingeek.key.config.ble.PeripheralType.CHARGING_PILE}" />
    </annotation>
  </item>
</root>

