<?xml version="1.0" encoding="UTF-8"?>
<root>
  <item name="com.ingeek.key.business.bean.IngeekCalibrateStep">
    <annotation name="androidx.annotation.IntDef">
      <val name="value" val="{com.ingeek.key.business.bean.IngeekCalibrateStep.SET_CALIBRATION_LEFT_DOOR_5M, com.ingeek.key.business.bean.IngeekCalibrateStep.SET_CALIBRATION_LEFT_DOOR_OUT_10CM, com.ingeek.key.business.bean.IngeekCalibrateStep.SET_CALIBRATION_LEFT_DOOR_IN_10CM, com.ingeek.key.business.bean.IngeekCalibrateStep.SET_CALIBRATION_LEFT_DOOR_SIX_STEP, com.ingeek.key.business.bean.IngeekCalibrateStep.SET_CALIBRATION_IN_NORMAL, com.ingeek.key.business.bean.IngeekCalibrateStep.SET_CALIBRATION_IN_CANCEL}" />
    </annotation>
  </item>
  <item name="com.ingeek.key.business.bean.IngeekVehicleProperty com.ingeek.key.business.bean.IngeekVehicleProperty setPeripheralType(int) 0">
    <annotation name="androidx.annotation.IntDef">
      <val name="value" val="{com.ingeek.key.config.ble.PeripheralType.VEHICLE, com.ingeek.key.config.ble.PeripheralType.CHARGING_PILE}" />
    </annotation>
  </item>
  <item name="com.ingeek.key.business.bean.IngeekVehicleProperty com.ingeek.key.business.bean.IngeekVehicleProperty setVehicleSecureKeyPolicy(int) 0">
    <annotation name="androidx.annotation.IntDef">
      <val name="value" val="{com.ingeek.key.config.secure.IngeekSecureKeyPolicy.SYMMETRIC_ENCRYPTION, com.ingeek.key.config.secure.IngeekSecureKeyPolicy.ASYMMETRIC_ENCRYPTION, com.ingeek.key.config.secure.IngeekSecureKeyPolicy.NONE}" />
    </annotation>
  </item>
</root>

