<?xml version="1.0" encoding="UTF-8"?>
<root>
  <item name="com.ingeek.key.multi.business.core.BleService void onConnectStateChanged(int) 0">
    <annotation name="androidx.annotation.IntDef">
      <val name="value" val="{com.ingeek.key.multi.bluetooth.model.BleConnectStatus.DK_BLE_STATE_NONE, com.ingeek.key.multi.bluetooth.model.BleConnectStatus.DK_BLE_STATE_SCANNING, com.ingeek.key.multi.bluetooth.model.BleConnectStatus.DK_BLE_STATE_DISCONNECTED, com.ingeek.key.multi.bluetooth.model.BleConnectStatus.DK_BLE_STATE_CONNECTING, com.ingeek.key.multi.bluetooth.model.BleConnectStatus.DK_BLE_STATE_CONNECTED, com.ingeek.key.multi.bluetooth.model.BleConnectStatus.DK_BLE_STATE_FAILED}" />
    </annotation>
  </item>
  <item name="com.ingeek.key.multi.business.core.BleService void setBleState(int) 0">
    <annotation name="androidx.annotation.IntDef">
      <val name="value" val="{com.ingeek.key.multi.bluetooth.model.BleConnectStatus.DK_BLE_STATE_NONE, com.ingeek.key.multi.bluetooth.model.BleConnectStatus.DK_BLE_STATE_SCANNING, com.ingeek.key.multi.bluetooth.model.BleConnectStatus.DK_BLE_STATE_DISCONNECTED, com.ingeek.key.multi.bluetooth.model.BleConnectStatus.DK_BLE_STATE_CONNECTING, com.ingeek.key.multi.bluetooth.model.BleConnectStatus.DK_BLE_STATE_CONNECTED, com.ingeek.key.multi.bluetooth.model.BleConnectStatus.DK_BLE_STATE_FAILED}" />
    </annotation>
  </item>
</root>

