<?xml version="1.0" encoding="UTF-8"?>
<root>
  <item name="com.ingeek.key.park.internal.rpa.config.IngeekParkOutDirection">
    <annotation name="androidx.annotation.IntDef">
      <val name="value" val="{com.ingeek.key.park.internal.rpa.config.IngeekParkOutDirection.INGEEK_PARK_OUT_NO_PARK_SLOT, com.ingeek.key.park.internal.rpa.config.IngeekParkOutDirection.INGEEK_PARK_OUT_CROSS_LEFT_OUT, com.ingeek.key.park.internal.rpa.config.IngeekParkOutDirection.INGEEK_PARK_OUT_PARALLEL_LEFT_OUT, com.ingeek.key.park.internal.rpa.config.IngeekParkOutDirection.INGEEK_PARK_OUT_FRONT_OUT, com.ingeek.key.park.internal.rpa.config.IngeekParkOutDirection.INGEEK_PARK_OUT_CROSS_RIGHT_OUT, com.ingeek.key.park.internal.rpa.config.IngeekParkOutDirection.INGEEK_PARK_OUT_PARALLEL_RIGHT_OUT, com.ingeek.key.park.internal.rpa.config.IngeekParkOutDirection.INGEEK_PARK_OUT_REAR_OUT}" />
    </annotation>
  </item>
  <item name="com.ingeek.key.park.internal.rpa.config.IngeekParkSelfCheckResult">
    <annotation name="androidx.annotation.IntDef">
      <val name="value" val="{com.ingeek.key.park.internal.rpa.config.IngeekParkSelfCheckResult.PASSED, com.ingeek.key.park.internal.rpa.config.IngeekParkSelfCheckResult.FAILED}" />
    </annotation>
  </item>
</root>

